,SYLVAIN M MUKENGE,ANNA GANDAGLIA,DAVIDE LAZZERONI,GABRIELLA DI GIOVINE
SYLVAIN M MUKENGE,1.0,0.5067098125585289,0.6479705859654777,0.5057978857342632
ANNA GANDAGLIA,0.5067098125585289,1.0,0.5983803473561269,0.5031240507516532
DAVIDE LAZZERONI,0.6479705859654777,0.5983803473561269,1.0,0.5029147075370226
GABRIELLA DI GIOVINE,0.5057978857342632,0.5031240507516532,0.5029147075370226,1.0
